fecha,estacion,T_media,T_max,T_min,HR_media,viento_media_kmh,direccion_media,lluvia_dia_mm,lecturas_T,lecturas_lluvia,origen
2026-09-29,Altzola,22.6,29.7,15.9,73.0,11.5,185,0.0,144,144,viento:Open-Meteo
2026-09-29,Arrasate,22.7,29.8,17.0,63.0,8.7,150,0.1,144,144,
2026-09-29,Berastegi,21.9,26.1,17.5,65.0,17.3,145,0.0,144,144,
2026-09-29,Bidania,20.2,24.4,16.2,62.0,19.8,156,0.0,144,144,
2026-09-29,Miramon,23.8,29.1,18.8,60.0,10.1,164,0.0,144,144,
2026-09-29,Mutriku,26.0,30.3,22.0,48.0,15.7,180,0.0,,,Open-Meteo
2026-09-29,Ordizia,23.1,29.2,16.2,63.0,8.6,181,0.0,144,144,
2026-09-29,Pasaia,25.8,29.1,22.2,48.0,14.8,147,0.0,144,144,
2026-09-29,Zarautz,25.4,29.8,20.9,52.0,26.1,162,0.0,144,144,
2026-09-29,Zegama,21.2,25.3,18.0,66.0,24.8,152,0.1,144,144,
2026-09-29,Zizurkil,24.7,29.8,19.9,54.0,14.1,150,0.0,144,144,
2026-09-30,Altzola,21.4,27.7,16.0,86.0,7.5,211,5.0,144,144,viento:Open-Meteo
2026-09-30,Arrasate,21.9,29.9,15.2,72.0,7.1,151,1.5,144,144,
2026-09-30,Berastegi,21.3,27.5,14.0,74.0,13.2,169,13.7,144,144,
2026-09-30,Bidania,19.0,24.4,12.2,74.0,17.1,165,5.7,144,144,
2026-09-30,Miramon,22.0,25.8,15.2,74.0,9.5,238,8.1,144,144,
2026-09-30,Mutriku,22.6,27.2,17.2,73.0,9.6,250,1.4,,,Open-Meteo
2026-09-30,Ordizia,23.0,29.6,16.0,68.0,10.3,160,9.2,142,142,
2026-09-30,Pasaia,23.1,28.0,17.2,66.0,14.6,272,4.7,144,144,
2026-09-30,Zarautz,21.9,27.7,15.2,75.0,17.7,248,4.8,144,144,
2026-09-30,Zegama,20.9,26.0,14.5,76.0,22.7,141,4.7,144,144,
2026-09-30,Zizurkil,22.5,26.8,15.3,71.0,10.5,170,13.4,144,144,
2026-10-01,Altzola,16.7,20.1,15.4,94.0,3.7,280,0.9,144,144,viento:Open-Meteo
2026-10-01,Arrasate,15.6,18.0,14.1,90.0,5.0,358,0.3,143,143,
2026-10-01,Berastegi,14.3,16.4,13.0,95.0,4.3,314,2.7,144,144,
2026-10-01,Bidania,12.5,14.4,11.2,92.0,5.0,335,1.4,144,144,
2026-10-01,Miramon,15.8,18.2,14.2,95.0,4.6,244,4.1,144,144,
2026-10-01,Mutriku,18.1,19.3,17.1,82.0,5.6,250,4.1,,,Open-Meteo
2026-10-01,Ordizia,15.5,17.0,14.2,96.0,3.1,67,3.7,144,144,
2026-10-01,Pasaia,17.2,19.1,15.5,79.0,9.5,112,0.1,144,144,
2026-10-01,Zarautz,16.0,18.6,14.1,91.0,7.9,108,7.1,144,144,
2026-10-01,Zegama,13.7,14.5,12.6,99.0,3.8,356,4.3,144,144,
2026-10-01,Zizurkil,15.8,18.3,13.9,95.0,3.8,329,6.3,144,144,
2026-10-02,Altzola,17.9,22.1,15.5,93.0,4.3,5,0.0,144,144,viento:Open-Meteo
2026-10-02,Arrasate,17.5,22.7,14.2,87.0,2.4,86,0.0,144,144,
2026-10-02,Berastegi,16.7,21.1,14.0,88.0,4.6,109,0.0,144,144,
2026-10-02,Bidania,15.3,19.2,12.6,86.0,7.2,126,0.1,144,144,
2026-10-02,Miramon,18.1,22.1,15.3,89.0,3.2,48,0.0,144,144,
2026-10-02,Mutriku,19.1,22.0,16.9,85.0,4.9,81,0.0,,,Open-Meteo
2026-10-02,Ordizia,17.8,23.2,15.0,87.0,2.8,37,0.0,142,142,
2026-10-02,Pasaia,19.4,22.8,17.3,76.0,8.4,149,0.0,144,144,
2026-10-02,Zarautz,18.0,21.5,15.4,87.0,5.1,106,0.0,144,144,
2026-10-02,Zegama,16.2,19.9,13.3,92.0,5.6,157,0.1,144,144,
2026-10-02,Zizurkil,18.3,22.4,15.6,88.0,3.2,38,0.0,144,144,
2026-10-03,Altzola,18.5,24.1,14.4,93.0,3.8,25,26.4,144,144,viento:Open-Meteo
2026-10-03,Arrasate,18.7,27.9,13.7,86.0,3.0,110,14.3,144,144,
2026-10-03,Berastegi,18.7,23.6,14.8,85.0,5.1,131,2.9,144,144,
2026-10-03,Bidania,17.4,21.7,14.6,82.0,5.4,132,3.8,144,144,
2026-10-03,Miramon,19.0,23.8,15.5,91.0,4.6,286,0.0,144,144,
2026-10-03,Mutriku,20.2,22.3,17.9,85.0,5.1,186,8.9,,,Open-Meteo
2026-10-03,Ordizia,19.2,25.3,14.2,84.0,3.5,82,0.5,144,144,
2026-10-03,Pasaia,20.1,21.7,17.7,81.0,10.1,147,3.1,144,144,
2026-10-03,Zarautz,19.6,21.3,17.2,91.0,5.9,16,6.5,144,144,
2026-10-03,Zegama,19.3,22.4,16.7,83.0,8.8,154,21.5,144,144,
2026-10-03,Zizurkil,19.1,25.7,15.1,92.0,4.2,82,11.7,144,144,
2026-10-04,Altzola,19.5,23.7,16.2,95.0,4.4,32,8.5,144,144,viento:Open-Meteo
2026-10-04,Arrasate,19.9,25.5,16.4,85.0,3.9,23,4.5,140,140,
2026-10-04,Berastegi,18.7,24.6,14.2,82.0,5.6,117,0.1,144,144,
2026-10-04,Bidania,17.6,22.0,15.2,78.0,6.0,126,1.0,144,144,
2026-10-04,Miramon,19.6,23.4,17.2,91.0,3.8,319,1.7,144,144,
2026-10-04,Mutriku,20.6,22.9,18.5,86.0,3.7,82,0.7,,,Open-Meteo
2026-10-04,Ordizia,20.2,26.3,16.6,82.0,3.9,44,0.5,144,144,
2026-10-04,Pasaia,20.8,23.3,18.5,81.0,9.1,133,0.4,144,144,
2026-10-04,Zarautz,19.9,22.3,18.2,92.0,5.2,41,1.3,144,144,
2026-10-04,Zegama,19.1,23.1,16.7,80.0,11.1,160,3.0,144,144,
2026-10-04,Zizurkil,19.7,24.3,17.3,92.0,4.0,355,0.7,144,144,
